species	gen	learnset	tm
bulbasaur	9	1:growl,1:tackle,3:vine-whip,12:razor-leaf,15:poison-powder,15:sleep-powder,18:seed-bomb,21:take-down,24:sweet-scent,33:power-whip,36:solar-beam	attract,bullet-seed,cut,double-team,facade,flash,frustration,giga-drain,protect,rest,return,rock-smash,secret-power,sludge-bomb,solar-beam,strength,sunny-day,toxic
ivysaur	9	1:growl,1:tackle,1:vine-whip,12:razor-leaf,15:poison-powder,15:sleep-powder,20:seed-bomb,25:take-down,30:sweet-scent,45:power-whip,50:solar-beam	attract,bullet-seed,cut,double-team,facade,flash,frustration,giga-drain,protect,rest,return,rock-smash,secret-power,sludge-bomb,solar-beam,strength,sunny-day,toxic
venusaur	9	1:growl,1:petal-blizzard,1:tackle,1:vine-whip,12:razor-leaf,15:poison-powder,15:sleep-powder,20:seed-bomb,25:take-down,30:sweet-scent,51:power-whip,58:solar-beam	attract,bullet-seed,cut,double-team,earthquake,facade,flash,frustration,giga-drain,hyper-beam,protect,rest,return,rock-smash,secret-power,sludge-bomb,solar-beam,strength,sunny-day,toxic
charmander	9	1:growl,1:scratch,4:ember,8:smokescreen,12:dragon-breath,20:slash,24:flamethrower,28:scary-face,36:inferno,40:flare-blitz	aerial-ace,attract,brick-break,cut,dig,double-team,dragon-claw,facade,fire-blast,flamethrower,frustration,iron-tail,overheat,protect,rest,return,rock-smash,secret-power,strength,sunny-day,toxic
charmeleon	9	1:ember,1:growl,1:scratch,1:smokescreen,12:dragon-breath,24:slash,30:flamethrower,37:scary-face,48:inferno,54:flare-blitz	aerial-ace,attract,brick-break,cut,dig,double-team,dragon-claw,facade,fire-blast,flamethrower,frustration,iron-tail,overheat,protect,rest,return,rock-smash,secret-power,strength,sunny-day,toxic
charizard	9	1:air-slash,1:dragon-claw,1:ember,1:growl,1:heat-wave,1:scratch,1:smokescreen,12:dragon-breath,24:slash,30:flamethrower,39:scary-face,54:inferno,62:flare-blitz	aerial-ace,attract,brick-break,cut,dig,double-team,dragon-claw,earthquake,facade,fire-blast,flamethrower,fly,frustration,hyper-beam,iron-tail,overheat,protect,rest,return,rock-smash,secret-power,steel-wing,strength,sunny-day,toxic
squirtle	9	1:tackle,1:tail-whip,3:water-gun,6:withdraw,9:rapid-spin,12:bite,15:water-pulse,18:protect,21:rain-dance,24:aqua-tail,30:iron-defense,33:hydro-pump,36:wave-crash	attract,blizzard,brick-break,dig,double-team,facade,frustration,hail,ice-beam,iron-tail,protect,rain-dance,rest,return,rock-smash,secret-power,strength,surf,toxic,water-pulse,waterfall
wartortle	9	1:tackle,1:tail-whip,1:water-gun,1:withdraw,9:rapid-spin,12:bite,15:water-pulse,20:protect,25:rain-dance,30:aqua-tail,40:iron-defense,45:hydro-pump,50:wave-crash	attract,blizzard,brick-break,dig,double-team,facade,frustration,hail,ice-beam,iron-tail,protect,rain-dance,rest,return,rock-smash,secret-power,strength,surf,toxic,water-pulse,waterfall
blastoise	9	1:flash-cannon,1:tackle,1:tail-whip,1:water-gun,1:withdraw,9:rapid-spin,12:bite,15:water-pulse,20:protect,25:rain-dance,30:aqua-tail,42:iron-defense,49:hydro-pump,56:wave-crash	attract,blizzard,brick-break,dig,double-team,earthquake,facade,frustration,hail,hyper-beam,ice-beam,iron-tail,protect,rain-dance,rest,return,rock-smash,secret-power,strength,surf,toxic,water-pulse,waterfall
caterpie	8	1:string-shot,1:tackle,9:bug-bite	
metapod	8	1:harden	
butterfree	8	1:bug-bite,1:gust,1:harden,1:string-shot,1:tackle,4:supersonic,8:confusion,12:poison-powder,12:sleep-powder,12:stun-spore,16:psybeam,24:air-slash,28:safeguard,32:bug-buzz	aerial-ace,attract,double-team,facade,flash,frustration,giga-drain,hyper-beam,protect,psychic,rain-dance,rest,return,safeguard,secret-power,shadow-ball,solar-beam,sunny-day,toxic
weedle	7	1:poison-sting,1:string-shot,9:bug-bite	
kakuna	7	1:harden	
beedrill	7	1:fury-attack,1:twineedle,23:venoshock,26:assurance,32:pin-missile,35:poison-jab,38:agility,44:fell-stinger	aerial-ace,attract,brick-break,cut,double-team,facade,frustration,giga-drain,hyper-beam,protect,rest,return,rock-smash,secret-power,sludge-bomb,solar-beam,sunny-day,toxic
pidgey	7	1:tackle,5:sand-attack,9:gust,13:quick-attack,21:twister,25:feather-dance,29:agility,33:wing-attack,49:air-slash,53:hurricane	aerial-ace,attract,double-team,facade,fly,frustration,protect,rain-dance,rest,return,secret-power,steel-wing,sunny-day,toxic
pidgeotto	7	1:gust,1:sand-attack,1:tackle,13:quick-attack,22:twister,27:feather-dance,32:agility,37:wing-attack,57:air-slash,62:hurricane	aerial-ace,attract,double-team,facade,fly,frustration,protect,rain-dance,rest,return,secret-power,steel-wing,sunny-day,toxic
pidgeot	7	1:gust,1:hurricane,1:quick-attack,1:sand-attack,1:tackle,22:twister,27:feather-dance,32:agility,38:wing-attack,62:air-slash	aerial-ace,attract,double-team,facade,fly,frustration,hyper-beam,protect,rain-dance,rest,return,secret-power,steel-wing,sunny-day,toxic
rattata	7	1:tackle,1:tail-whip,4:quick-attack,10:bite,16:hyper-fang,19:assurance,22:crunch,31:double-edge	attract,blizzard,cut,dig,double-team,facade,frustration,ice-beam,iron-tail,protect,rain-dance,rest,return,rock-smash,secret-power,shadow-ball,shock-wave,sunny-day,taunt,thunder,thunderbolt,toxic
raticate	7	1:quick-attack,1:scary-face,1:swords-dance,1:tackle,1:tail-whip,10:bite,16:hyper-fang,19:assurance,24:crunch,39:double-edge	attract,blizzard,cut,dig,double-team,facade,frustration,hyper-beam,ice-beam,iron-tail,protect,rain-dance,rest,return,rock-smash,secret-power,shadow-ball,shock-wave,strength,sunny-day,taunt,thunder,thunderbolt,toxic
spearow	7	1:growl,1:peck,4:leer,11:fury-attack,15:aerial-ace,22:assurance,25:agility,36:drill-peck	aerial-ace,attract,double-team,facade,fly,frustration,protect,rain-dance,rest,return,secret-power,steel-wing,sunny-day,toxic
fearow	7	1:drill-run,1:growl,1:leer,1:peck,1:pluck,11:fury-attack,15:aerial-ace,23:assurance,27:agility,41:drill-peck	aerial-ace,attract,double-team,facade,fly,frustration,hyper-beam,protect,rain-dance,rest,return,secret-power,steel-wing,sunny-day,toxic
ekans	9	1:leer,4:poison-sting,9:bite,12:glare,17:screech,20:acid,28:acid-spray,33:sludge-bomb,49:gunk-shot	attract,dig,double-team,earthquake,facade,frustration,giga-drain,iron-tail,protect,rain-dance,rest,return,secret-power,sludge-bomb,strength,sunny-day,torment,toxic
arbok	9	1:bite,1:crunch,1:leer,1:poison-sting,12:glare,17:screech,20:acid,32:acid-spray,39:sludge-bomb,63:gunk-shot	attract,dig,double-team,earthquake,facade,frustration,giga-drain,hyper-beam,iron-tail,protect,rain-dance,rest,return,secret-power,sludge-bomb,strength,sunny-day,torment,toxic
pikachu	9	1:charm,1:growl,1:nasty-plot,1:nuzzle,1:play-nice,1:quick-attack,1:sweet-kiss,1:tail-whip,1:thunder-shock,4:thunder-wave,8:double-team,16:feint,20:spark,24:agility,28:iron-tail,32:discharge,36:thunderbolt,40:light-screen,44:thunder	attract,brick-break,dig,double-team,facade,flash,frustration,iron-tail,light-screen,protect,rain-dance,rest,return,rock-smash,secret-power,shock-wave,strength,thunder,thunderbolt,toxic
raichu	9	1:agility,1:charm,1:discharge,1:double-team,1:feint,1:growl,1:iron-tail,1:light-screen,1:nasty-plot,1:nuzzle,1:play-nice,1:quick-attack,1:spark,1:sweet-kiss,1:tail-whip,1:thunder,1:thunder-punch,1:thunder-shock,1:thunder-wave,5:thunderbolt	attract,brick-break,dig,double-team,facade,flash,frustration,hyper-beam,iron-tail,light-screen,protect,rain-dance,rest,return,rock-smash,secret-power,shock-wave,strength,thunder,thunderbolt,toxic
sandshrew	9	1:scratch,3:poison-sting,6:sand-attack,15:rapid-spin,18:bulldoze,21:swift,24:fury-swipes,27:agility,30:slash,33:dig,39:swords-dance,42:sandstorm,45:earthquake	aerial-ace,attract,brick-break,cut,dig,double-team,earthquake,facade,frustration,iron-tail,protect,rest,return,rock-smash,rock-tomb,sandstorm,secret-power,strength,sunny-day,toxic
sandslash	9	1:poison-sting,1:sand-attack,1:scratch,15:rapid-spin,18:bulldoze,21:swift,26:fury-swipes,36:slash,41:dig,51:swords-dance,56:sandstorm,61:earthquake	aerial-ace,attract,brick-break,cut,dig,double-team,earthquake,facade,frustration,hyper-beam,iron-tail,protect,rest,return,rock-smash,rock-tomb,sandstorm,secret-power,strength,sunny-day,toxic
nidoran-f	8	1:growl,1:poison-sting,5:scratch,10:tail-whip,15:fury-swipes,25:double-kick,30:bite,40:toxic,50:crunch,55:earth-power	aerial-ace,attract,blizzard,cut,dig,double-team,facade,frustration,ice-beam,iron-tail,protect,rain-dance,rest,return,rock-smash,secret-power,shock-wave,sludge-bomb,strength,sunny-day,thunder,thunderbolt,toxic,water-pulse
nidorina	8	1:growl,1:poison-sting,1:scratch,1:tail-whip,15:fury-swipes,29:double-kick,36:bite,50:toxic,64:crunch,71:earth-power	aerial-ace,attract,blizzard,cut,dig,double-team,facade,frustration,ice-beam,iron-tail,protect,rain-dance,rest,return,rock-smash,secret-power,shock-wave,sludge-bomb,strength,sunny-day,thunder,thunderbolt,toxic,water-pulse
nidoqueen	8	1:bite,1:crunch,1:double-kick,1:earth-power,1:fury-swipes,1:growl,1:poison-sting,1:scratch,1:tail-whip,1:toxic	aerial-ace,attract,blizzard,brick-break,cut,dig,double-team,earthquake,facade,fire-blast,flamethrower,frustration,hyper-beam,ice-beam,iron-tail,protect,rain-dance,rest,return,rock-smash,rock-tomb,sandstorm,secret-power,shadow-ball,shock-wave,sludge-bomb,strength,sunny-day,surf,taunt,thunder,thunderbolt,torment,toxic,water-pulse
nidoran-m	8	1:leer,1:poison-sting,5:peck,15:fury-attack,25:double-kick,30:horn-attack,40:toxic,50:poison-jab,55:earth-power	attract,blizzard,cut,dig,double-team,facade,frustration,ice-beam,iron-tail,protect,rain-dance,rest,return,rock-smash,secret-power,shock-wave,sludge-bomb,strength,sunny-day,thunder,thunderbolt,toxic,water-pulse
nidorino	8	1:leer,1:peck,1:poison-sting,15:fury-attack,29:double-kick,36:horn-attack,50:toxic,64:poison-jab,71:earth-power	attract,blizzard,cut,dig,double-team,facade,frustration,ice-beam,iron-tail,protect,rain-dance,rest,return,rock-smash,secret-power,shock-wave,sludge-bomb,strength,sunny-day,thunder,thunderbolt,toxic,water-pulse
nidoking	8	1:double-kick,1:earth-power,1:fury-attack,1:horn-attack,1:leer,1:megahorn,1:peck,1:poison-jab,1:poison-sting,1:toxic	attract,blizzard,brick-break,cut,dig,double-team,earthquake,facade,fire-blast,flamethrower,frustration,hyper-beam,ice-beam,iron-tail,protect,rain-dance,rest,return,rock-smash,rock-tomb,sandstorm,secret-power,shadow-ball,shock-wave,sludge-bomb,strength,sunny-day,surf,taunt,thunder,thunderbolt,torment,toxic,water-pulse
clefairy	9	1:charm,1:disarming-voice,1:growl,1:pound,1:sing,1:splash,1:sweet-kiss,4:stored-power,16:life-dew,32:meteor-mash,44:moonblast	attract,blizzard,brick-break,calm-mind,dig,double-team,facade,fire-blast,flamethrower,flash,frustration,ice-beam,iron-tail,light-screen,protect,psychic,rain-dance,reflect,rest,return,safeguard,secret-power,shadow-ball,shock-wave,solar-beam,strength,sunny-day,thunder,thunderbolt,toxic,water-pulse
clefable	9	1:charm,1:disarming-voice,1:growl,1:life-dew,1:meteor-mash,1:moonblast,1:pound,1:sing,1:splash,1:stored-power,1:sweet-kiss	attract,blizzard,brick-break,calm-mind,dig,double-team,facade,fire-blast,flamethrower,flash,frustration,hyper-beam,ice-beam,iron-tail,light-screen,protect,psychic,rain-dance,reflect,rest,return,safeguard,secret-power,shadow-ball,shock-wave,solar-beam,strength,sunny-day,thunder,thunderbolt,toxic,water-pulse
vulpix	9	1:ember,1:tail-whip,8:quick-attack,16:incinerate,20:confuse-ray,24:will-o-wisp,28:extrasensory,32:flamethrower,44:safeguard,48:inferno,52:fire-blast	attract,dig,double-team,facade,fire-blast,flamethrower,frustration,iron-tail,overheat,protect,rest,return,safeguard,secret-power,sunny-day,toxic
ninetales	9	1:confuse-ray,1:ember,1:extrasensory,1:fire-blast,1:flamethrower,1:incinerate,1:inferno,1:nasty-plot,1:quick-attack,1:safeguard,1:tail-whip,1:will-o-wisp	attract,dig,double-team,facade,fire-blast,flamethrower,frustration,hyper-beam,iron-tail,overheat,protect,rest,return,safeguard,secret-power,sunny-day,toxic
jigglypuff	9	1:charm,1:disarming-voice,1:pound,1:sing,1:sweet-kiss,8:covet,16:round,20:rest,24:body-slam,36:hyper-voice,44:double-edge	attract,blizzard,brick-break,dig,double-team,facade,fire-blast,flamethrower,flash,frustration,ice-beam,light-screen,protect,psychic,rain-dance,reflect,rest,return,safeguard,secret-power,shadow-ball,shock-wave,solar-beam,strength,sunny-day,thunder,thunderbolt,toxic,water-pulse
wigglytuff	9	1:body-slam,1:charm,1:covet,1:disarming-voice,1:double-edge,1:hyper-voice,1:pound,1:rest,1:round,1:sing,1:sweet-kiss,5:play-rough	attract,blizzard,brick-break,dig,double-team,facade,fire-blast,flamethrower,flash,frustration,hyper-beam,ice-beam,light-screen,protect,psychic,rain-dance,reflect,rest,return,safeguard,secret-power,shadow-ball,shock-wave,solar-beam,strength,sunny-day,thunder,thunderbolt,toxic,water-pulse
zubat	8	1:absorb,1:supersonic,5:astonish,15:poison-fang,25:air-cutter,30:bite,40:venoshock,45:confuse-ray,50:air-slash,55:leech-life	aerial-ace,attract,double-team,facade,frustration,giga-drain,protect,rain-dance,rest,return,secret-power,shadow-ball,sludge-bomb,steel-wing,sunny-day,taunt,torment,toxic
golbat	8	1:absorb,1:astonish,1:screech,1:supersonic,15:poison-fang,27:air-cutter,34:bite,48:venoshock,55:confuse-ray,62:air-slash,69:leech-life	aerial-ace,attract,double-team,facade,frustration,giga-drain,hyper-beam,protect,rain-dance,rest,return,secret-power,shadow-ball,sludge-bomb,steel-wing,sunny-day,taunt,torment,toxic
oddish	9	1:absorb,4:acid,8:sweet-scent,12:mega-drain,14:poison-powder,16:stun-spore,18:sleep-powder,20:giga-drain,24:toxic,28:moonblast	attract,bullet-seed,cut,double-team,facade,flash,frustration,giga-drain,protect,rest,return,secret-power,sludge-bomb,solar-beam,sunny-day,toxic
gloom	9	1:absorb,1:acid,1:sweet-scent,12:mega-drain,14:poison-powder,16:stun-spore,18:sleep-powder,20:giga-drain,26:toxic,32:moonblast	attract,bullet-seed,cut,double-team,facade,flash,frustration,giga-drain,protect,rest,return,secret-power,sludge-bomb,solar-beam,sunny-day,toxic
vileplume	9	1:absorb,1:acid,1:giga-drain,1:mega-drain,1:moonblast,1:petal-blizzard,1:poison-powder,1:sleep-powder,1:stun-spore,1:sweet-scent,1:toxic	attract,bullet-seed,cut,double-team,facade,flash,frustration,giga-drain,hyper-beam,protect,rest,return,secret-power,sludge-bomb,solar-beam,sunny-day,toxic
paras	7	1:scratch,6:poison-powder,6:stun-spore,11:absorb,22:spore,27:slash,38:giga-drain,54:x-scissor	aerial-ace,attract,bullet-seed,cut,dig,double-team,facade,flash,frustration,giga-drain,protect,rest,return,rock-smash,secret-power,sludge-bomb,solar-beam,sunny-day,toxic
parasect	7	1:absorb,1:cross-poison,1:poison-powder,1:scratch,1:stun-spore,22:spore,29:slash,44:giga-drain,66:x-scissor	aerial-ace,attract,bullet-seed,cut,dig,double-team,facade,flash,frustration,giga-drain,hyper-beam,protect,rest,return,rock-smash,secret-power,sludge-bomb,solar-beam,sunny-day,toxic
venonat	9	1:tackle,5:supersonic,11:confusion,13:poison-powder,17:psybeam,23:stun-spore,25:bug-buzz,29:sleep-powder,35:leech-life,37:zen-headbutt,41:poison-fang,47:psychic	attract,double-team,facade,flash,frustration,giga-drain,protect,psychic,rest,return,secret-power,sludge-bomb,solar-beam,sunny-day,toxic
venomoth	9	1:air-slash,1:supersonic,1:tackle,11:confusion,13:poison-powder,17:psybeam,23:stun-spore,25:bug-buzz,29:sleep-powder,37:leech-life,41:zen-headbutt,47:poison-fang,55:psychic	aerial-ace,attract,double-team,facade,flash,frustration,giga-drain,hyper-beam,protect,psychic,rest,return,secret-power,sludge-bomb,solar-beam,sunny-day,toxic
diglett	9	1:sand-attack,1:scratch,4:growl,8:astonish,12:mud-slap,16:bulldoze,24:slash,28:sandstorm,32:dig,36:earth-power,40:earthquake	aerial-ace,attract,cut,dig,double-team,earthquake,facade,frustration,protect,rest,return,rock-smash,rock-tomb,secret-power,sludge-bomb,sunny-day,toxic
dugtrio	9	1:astonish,1:growl,1:night-slash,1:sand-attack,1:scratch,1:tri-attack,12:mud-slap,16:bulldoze,24:slash,30:sandstorm,36:dig,42:earth-power,48:earthquake	aerial-ace,attract,cut,dig,double-team,earthquake,facade,frustration,hyper-beam,protect,rest,return,rock-smash,rock-tomb,secret-power,sludge-bomb,sunny-day,toxic
meowth	9	1:growl,4:feint,8:scratch,12:pay-day,16:bite,20:taunt,24:assurance,29:fury-swipes,32:screech,36:slash,40:nasty-plot,44:play-rough	aerial-ace,attract,cut,dig,double-team,facade,flash,frustration,iron-tail,protect,rain-dance,rest,return,secret-power,shadow-ball,shock-wave,sunny-day,taunt,thunder,thunderbolt,torment,toxic,water-pulse
persian	9	1:feint,1:growl,1:power-gem,1:scratch,12:pay-day,16:bite,20:taunt,24:assurance,31:fury-swipes,36:screech,42:slash,48:nasty-plot,54:play-rough	aerial-ace,attract,cut,dig,double-team,facade,flash,frustration,hyper-beam,iron-tail,protect,rain-dance,rest,return,secret-power,shadow-ball,shock-wave,sunny-day,taunt,thunder,thunderbolt,torment,toxic,water-pulse
psyduck	9	1:scratch,1:tail-whip,3:water-gun,6:confusion,9:fury-swipes,12:water-pulse,18:zen-headbutt,21:screech,24:aqua-tail,34:amnesia	aerial-ace,attract,blizzard,brick-break,calm-mind,dig,double-team,facade,flash,frustration,hail,ice-beam,iron-tail,protect,rain-dance,rest,return,rock-smash,secret-power,strength,surf,toxic,water-pulse,waterfall
golduck	9	1:aqua-jet,1:confusion,1:scratch,1:tail-whip,1:water-gun,9:fury-swipes,12:water-pulse,18:zen-headbutt,21:screech,24:aqua-tail,36:amnesia,40:hydro-pump	aerial-ace,attract,blizzard,brick-break,calm-mind,dig,double-team,facade,flash,frustration,hail,hyper-beam,ice-beam,iron-tail,protect,rain-dance,rest,return,rock-smash,secret-power,strength,surf,toxic,water-pulse,waterfall
mankey	9	1:covet,1:leer,1:scratch,5:fury-swipes,22:cross-chop,26:assurance,36:screech,40:stomping-tantrum	aerial-ace,attract,brick-break,dig,double-team,earthquake,facade,frustration,iron-tail,overheat,protect,rain-dance,rest,return,rock-smash,rock-tomb,secret-power,strength,sunny-day,taunt,thunder,thunderbolt,toxic
primeape	9	1:leer,1:scratch,5:fury-swipes,22:cross-chop,26:assurance,35:rage-fist,44:screech,48:stomping-tantrum	aerial-ace,attract,brick-break,dig,double-team,earthquake,facade,frustration,hyper-beam,iron-tail,overheat,protect,rain-dance,rest,return,rock-smash,rock-tomb,secret-power,strength,sunny-day,taunt,thunder,thunderbolt,toxic
growlithe	9	1:ember,1:leer,4:howl,8:bite,12:flame-wheel,20:agility,28:retaliate,32:crunch,36:take-down,40:flamethrower,48:play-rough,56:flare-blitz	aerial-ace,attract,dig,double-team,facade,fire-blast,flamethrower,frustration,iron-tail,overheat,protect,rest,return,rock-smash,secret-power,strength,sunny-day,toxic
arcanine	9	1:agility,1:bite,1:crunch,1:ember,1:extreme-speed,1:flame-wheel,1:flare-blitz,1:howl,1:leer,1:play-rough,1:retaliate,1:take-down,5:flamethrower	aerial-ace,attract,dig,double-team,facade,fire-blast,flamethrower,frustration,hyper-beam,iron-tail,overheat,protect,rest,return,rock-smash,secret-power,strength,sunny-day,toxic
poliwag	9	1:hypnosis,1:water-gun,6:pound,12:mud-shot,18:bubble-beam,24:rain-dance,30:body-slam,36:earth-power,42:hydro-pump,54:double-edge	attract,blizzard,dig,double-team,facade,frustration,hail,ice-beam,protect,psychic,rain-dance,rest,return,secret-power,surf,toxic,water-pulse,waterfall
poliwhirl	9	1:hypnosis,1:mud-shot,1:pound,1:water-gun,18:bubble-beam,24:rain-dance,32:body-slam,40:earth-power,48:hydro-pump,66:double-edge	attract,blizzard,brick-break,dig,double-team,earthquake,facade,frustration,hail,ice-beam,protect,psychic,rain-dance,rest,return,rock-smash,secret-power,strength,surf,toxic,water-pulse,waterfall
poliwrath	9	1:body-slam,1:bubble-beam,1:double-edge,1:dynamic-punch,1:earth-power,1:hydro-pump,1:hypnosis,1:mud-shot,1:pound,1:rain-dance,1:water-gun	attract,blizzard,brick-break,dig,double-team,earthquake,facade,frustration,hail,hyper-beam,ice-beam,protect,psychic,rain-dance,rest,return,rock-smash,rock-tomb,secret-power,strength,surf,toxic,water-pulse,waterfall
abra	8	1:teleport	attract,calm-mind,double-team,facade,flash,frustration,iron-tail,light-screen,protect,psychic,rain-dance,reflect,rest,return,safeguard,secret-power,shadow-ball,shock-wave,sunny-day,taunt,torment,toxic
kadabra	8	1:confusion,1:kinesis,1:teleport,5:psybeam,10:reflect,20:psycho-cut,25:recover,30:psyshock,35:psychic,50:calm-mind	attract,calm-mind,double-team,facade,flash,frustration,iron-tail,light-screen,protect,psychic,rain-dance,reflect,rest,return,safeguard,secret-power,shadow-ball,shock-wave,sunny-day,taunt,torment,toxic
alakazam	8	1:confusion,1:kinesis,1:teleport,5:psybeam,10:reflect,20:psycho-cut,25:recover,30:psyshock,35:psychic,50:calm-mind	attract,calm-mind,double-team,facade,flash,frustration,hyper-beam,iron-tail,light-screen,protect,psychic,rain-dance,reflect,rest,return,safeguard,secret-power,shadow-ball,shock-wave,sunny-day,taunt,torment,toxic
machop	8	1:leer,8:revenge,12:low-sweep,16:knock-off,20:scary-face,24:vital-throw,29:strength,32:dual-chop,44:dynamic-punch,48:cross-chop,52:double-edge	attract,brick-break,dig,double-team,earthquake,facade,fire-blast,flamethrower,frustration,protect,rain-dance,rest,return,rock-smash,rock-tomb,secret-power,strength,sunny-day,toxic
machoke	8	1:leer,1:revenge,12:low-sweep,16:knock-off,20:scary-face,24:vital-throw,31:strength,36:dual-chop,54:dynamic-punch,60:cross-chop,66:double-edge	attract,brick-break,dig,double-team,earthquake,facade,fire-blast,flamethrower,frustration,protect,rain-dance,rest,return,rock-smash,rock-tomb,secret-power,strength,sunny-day,toxic
machamp	8	1:leer,1:revenge,12:low-sweep,16:knock-off,20:scary-face,24:vital-throw,31:strength,36:dual-chop,54:dynamic-punch,60:cross-chop,66:double-edge	attract,brick-break,dig,double-team,earthquake,facade,fire-blast,flamethrower,frustration,hyper-beam,protect,rain-dance,rest,return,rock-smash,rock-tomb,secret-power,strength,sunny-day,toxic
bellsprout	9	1:vine-whip,13:sleep-powder,15:poison-powder,17:stun-spore,23:acid,27:knock-off,29:sweet-scent,39:razor-leaf,41:poison-jab,47:slam,52:power-whip	attract,bullet-seed,cut,double-team,facade,flash,frustration,giga-drain,protect,rest,return,secret-power,sludge-bomb,solar-beam,sunny-day,toxic
weepinbell	9	1:vine-whip,13:sleep-powder,15:poison-powder,17:stun-spore,24:acid,29:knock-off,32:sweet-scent,44:razor-leaf,47:poison-jab,54:slam,58:power-whip	attract,bullet-seed,cut,double-team,facade,flash,frustration,giga-drain,protect,rest,return,secret-power,sludge-bomb,solar-beam,sunny-day,toxic
victreebel	9	1:leaf-storm,1:power-whip,1:razor-leaf,1:sleep-powder,1:sweet-scent,1:vine-whip,44:leaf-blade	attract,bullet-seed,cut,double-team,facade,flash,frustration,giga-drain,hyper-beam,protect,rest,return,secret-power,sludge-bomb,solar-beam,sunny-day,toxic
tentacool	9	1:poison-sting,1:water-gun,4:acid,12:supersonic,16:water-pulse,20:screech,24:bubble-beam,28:hex,32:acid-armor,36:poison-jab,40:surf,44:sludge-wave,48:hydro-pump	attract,blizzard,cut,double-team,facade,frustration,giga-drain,hail,ice-beam,protect,rain-dance,rest,return,secret-power,sludge-bomb,surf,toxic,water-pulse,waterfall
tentacruel	9	1:acid,1:poison-sting,1:water-gun,12:supersonic,16:water-pulse,20:screech,24:bubble-beam,28:hex,34:acid-armor,40:poison-jab,46:surf,52:sludge-wave,58:hydro-pump	attract,blizzard,cut,double-team,facade,frustration,giga-drain,hail,hyper-beam,ice-beam,protect,rain-dance,rest,return,secret-power,sludge-bomb,surf,toxic,water-pulse,waterfall
geodude	9	1:tackle,6:rock-polish,12:bulldoze,16:rock-throw,30:rock-blast,34:earthquake,40:double-edge,42:stone-edge	attract,brick-break,dig,double-team,earthquake,facade,fire-blast,flamethrower,frustration,protect,rest,return,rock-smash,rock-tomb,sandstorm,secret-power,strength,sunny-day,toxic
graveler	9	1:rock-polish,1:tackle,12:bulldoze,16:rock-throw,34:rock-blast,40:earthquake,50:double-edge,54:stone-edge	attract,brick-break,dig,double-team,earthquake,facade,fire-blast,flamethrower,frustration,protect,rest,return,rock-smash,rock-tomb,sandstorm,secret-power,strength,sunny-day,toxic
golem	9	1:rock-polish,1:tackle,16:rock-throw,22:bulldoze,34:rock-blast,40:earthquake,50:double-edge,54:stone-edge	attract,brick-break,dig,double-team,earthquake,facade,fire-blast,flamethrower,frustration,hyper-beam,protect,rest,return,rock-smash,rock-tomb,sandstorm,secret-power,strength,sunny-day,toxic
ponyta	8	1:growl,1:tackle,5:tail-whip,10:ember,15:flame-charge,20:agility,25:flame-wheel,30:stomp,41:take-down,45:inferno,50:fire-blast,55:flare-blitz	attract,double-team,facade,fire-blast,flamethrower,frustration,iron-tail,overheat,protect,rest,return,secret-power,solar-beam,strength,sunny-day,toxic
rapidash	8	1:ember,1:growl,1:megahorn,1:poison-jab,1:quick-attack,1:smart-strike,1:tackle,1:tail-whip,15:flame-charge,20:agility,25:flame-wheel,30:stomp,43:take-down,49:inferno,56:fire-blast,63:flare-blitz	attract,double-team,facade,fire-blast,flamethrower,frustration,hyper-beam,iron-tail,overheat,protect,rest,return,secret-power,solar-beam,strength,sunny-day,toxic
slowpoke	9	1:tackle,3:growl,6:water-gun,12:confusion,18:water-pulse,21:headbutt,24:zen-headbutt,27:amnesia,30:surf,33:slack-off,36:psychic,42:rain-dance	attract,blizzard,calm-mind,dig,double-team,earthquake,facade,fire-blast,flamethrower,flash,frustration,hail,ice-beam,iron-tail,protect,psychic,rain-dance,rest,return,safeguard,secret-power,shadow-ball,strength,sunny-day,surf,toxic,water-pulse
slowbro	9	1:growl,1:tackle,1:water-gun,1:withdraw,12:confusion,18:water-pulse,21:headbutt,24:zen-headbutt,27:amnesia,30:surf,33:slack-off,36:psychic,46:rain-dance	attract,blizzard,brick-break,calm-mind,dig,double-team,earthquake,facade,fire-blast,flamethrower,flash,frustration,hail,hyper-beam,ice-beam,iron-tail,protect,psychic,rain-dance,rest,return,rock-smash,safeguard,secret-power,shadow-ball,strength,sunny-day,surf,toxic,water-pulse
magnemite	9	1:tackle,1:thunder-shock,4:supersonic,8:thunder-wave,20:spark,24:screech,32:flash-cannon,36:discharge,40:metal-sound,44:light-screen,52:zap-cannon	double-team,facade,flash,frustration,protect,rain-dance,reflect,rest,return,secret-power,shock-wave,sunny-day,thunder,thunderbolt,toxic
magneton	9	1:supersonic,1:tackle,1:thunder-shock,1:thunder-wave,1:tri-attack,20:spark,24:screech,34:flash-cannon,40:discharge,46:metal-sound,52:light-screen,64:zap-cannon	double-team,facade,flash,frustration,hyper-beam,protect,rain-dance,reflect,rest,return,secret-power,shock-wave,sunny-day,thunder,thunderbolt,toxic
farfetchd	8	1:peck,1:sand-attack,5:leer,15:cut,20:aerial-ace,25:air-cutter,30:knock-off,35:false-swipe,40:slash,45:swords-dance,50:air-slash,55:leaf-blade,60:agility,65:brave-bird	aerial-ace,attract,cut,double-team,facade,fly,frustration,iron-tail,protect,rest,return,secret-power,steel-wing,sunny-day,toxic
doduo	9	1:growl,1:peck,5:quick-attack,9:fury-attack,14:pluck,19:double-hit,23:agility,33:swords-dance,36:drill-peck	aerial-ace,attract,double-team,facade,fly,frustration,protect,rest,return,secret-power,steel-wing,sunny-day,toxic
dodrio	9	1:growl,1:peck,1:quick-attack,1:tri-attack,12:fury-attack,15:pluck,19:double-hit,23:agility,34:swords-dance,38:drill-peck	aerial-ace,attract,double-team,facade,fly,frustration,hyper-beam,protect,rest,return,secret-power,steel-wing,sunny-day,taunt,torment,toxic
seel	9	1:headbutt,3:growl,7:charm,11:icy-wind,17:ice-shard,21:rest,27:aurora-beam,31:aqua-jet,33:brine,37:take-down,43:aqua-tail,47:ice-beam,51:safeguard	attract,blizzard,double-team,facade,frustration,hail,ice-beam,protect,rain-dance,rest,return,safeguard,secret-power,surf,toxic,water-pulse,waterfall
dewgong	9	1:growl,1:headbutt,1:icy-wind,17:ice-shard,21:rest,27:aurora-beam,31:aqua-jet,33:brine,39:take-down,49:aqua-tail,55:ice-beam,61:safeguard	attract,blizzard,double-team,facade,frustration,hail,hyper-beam,ice-beam,protect,rain-dance,rest,return,safeguard,secret-power,surf,toxic,water-pulse,waterfall
grimer	9	1:poison-gas,1:pound,4:harden,7:mud-slap,15:sludge,18:mud-shot,26:toxic,29:sludge-bomb,32:sludge-wave,37:screech,40:gunk-shot,43:acid-armor	attract,dig,double-team,facade,fire-blast,flamethrower,frustration,giga-drain,protect,rain-dance,rest,return,rock-tomb,secret-power,shock-wave,sludge-bomb,sunny-day,taunt,thunder,thunderbolt,torment,toxic
muk	9	1:harden,1:mud-slap,1:poison-gas,1:pound,15:sludge,18:mud-shot,26:toxic,29:sludge-bomb,32:sludge-wave,37:screech,40:gunk-shot,46:acid-armor	attract,brick-break,dig,double-team,facade,fire-blast,flamethrower,frustration,giga-drain,hyper-beam,protect,rain-dance,rest,return,rock-smash,rock-tomb,secret-power,shock-wave,sludge-bomb,strength,sunny-day,taunt,thunder,thunderbolt,torment,toxic
shellder	9	1:tackle,1:water-gun,4:withdraw,8:ice-shard,12:leer,20:supersonic,24:aurora-beam,28:protect,32:razor-shell,36:iron-defense,40:ice-beam,48:hydro-pump	attract,blizzard,double-team,facade,frustration,hail,ice-beam,protect,rain-dance,rest,return,secret-power,surf,toxic,water-pulse
cloyster	9	1:aurora-beam,1:hydro-pump,1:ice-beam,1:ice-shard,1:icicle-crash,1:icicle-spear,1:iron-defense,1:leer,1:protect,1:supersonic,1:tackle,1:water-gun,1:withdraw,5:razor-shell	attract,blizzard,double-team,facade,frustration,hail,hyper-beam,ice-beam,protect,rain-dance,rest,return,secret-power,surf,torment,toxic,water-pulse
gastly	9	1:confuse-ray,1:lick,4:hypnosis,12:payback,24:hex,36:dark-pulse,40:shadow-ball	attract,double-team,facade,frustration,giga-drain,protect,psychic,rain-dance,rest,return,secret-power,shadow-ball,sludge-bomb,sunny-day,taunt,thunderbolt,torment,toxic
haunter	9	1:confuse-ray,1:hypnosis,1:lick,1:shadow-punch,12:payback,24:hex,42:dark-pulse,48:shadow-ball	attract,double-team,facade,frustration,giga-drain,protect,psychic,rain-dance,rest,return,secret-power,shadow-ball,sludge-bomb,sunny-day,taunt,thunderbolt,torment,toxic
gengar	9	1:confuse-ray,1:hypnosis,1:lick,1:shadow-punch,12:payback,24:hex,42:dark-pulse,48:shadow-ball	attract,brick-break,double-team,facade,frustration,giga-drain,hyper-beam,protect,psychic,rain-dance,rest,return,rock-smash,secret-power,shadow-ball,sludge-bomb,strength,sunny-day,taunt,thunder,thunderbolt,torment,toxic
onix	8	1:harden,1:rock-throw,1:tackle,8:rock-polish,12:dragon-breath,20:rock-slide,24:screech,36:slam,40:sandstorm,44:dig,48:iron-tail,52:stone-edge,56:double-edge	attract,dig,double-team,earthquake,facade,frustration,iron-tail,protect,rest,return,rock-smash,rock-tomb,sandstorm,secret-power,strength,sunny-day,taunt,torment,toxic
drowzee	9	1:hypnosis,1:pound,9:confusion,13:headbutt,17:poison-gas,21:psybeam,29:zen-headbutt,37:psychic,41:nasty-plot,45:psyshock	attract,brick-break,calm-mind,double-team,facade,flash,frustration,light-screen,protect,psychic,rain-dance,reflect,rest,return,safeguard,secret-power,shadow-ball,sunny-day,taunt,torment,toxic
hypno	9	1:confusion,1:hypnosis,1:pound,13:headbutt,17:poison-gas,21:psybeam,32:zen-headbutt,42:psychic,47:nasty-plot,51:psyshock	attract,brick-break,calm-mind,double-team,facade,flash,frustration,hyper-beam,light-screen,protect,psychic,rain-dance,reflect,rest,return,safeguard,secret-power,shadow-ball,sunny-day,taunt,torment,toxic
krabby	8	1:leer,1:water-gun,4:harden,8:metal-claw,12:mud-shot,16:protect,20:bubble-beam,24:stomp,32:razor-shell,36:slam,40:swords-dance,44:crabhammer	attract,blizzard,cut,dig,double-team,facade,frustration,hail,ice-beam,protect,rain-dance,rest,return,rock-smash,rock-tomb,secret-power,strength,surf,toxic,water-pulse
kingler	8	1:hammer-arm,1:harden,1:leer,1:metal-claw,1:water-gun,12:mud-shot,16:protect,20:bubble-beam,24:stomp,36:razor-shell,42:slam,48:swords-dance,54:crabhammer	attract,blizzard,cut,dig,double-team,facade,frustration,hail,hyper-beam,ice-beam,protect,rain-dance,rest,return,rock-smash,rock-tomb,secret-power,strength,surf,toxic,water-pulse
voltorb	9	1:tackle,4:thunder-shock,6:eerie-impulse,9:spark,13:screech,16:charge-beam,20:swift,29:light-screen,37:discharge	double-team,facade,flash,frustration,light-screen,protect,rain-dance,rest,return,secret-power,shock-wave,taunt,thunder,thunderbolt,torment,toxic
electrode	9	1:eerie-impulse,1:tackle,1:thunder-shock,9:spark,13:screech,16:charge-beam,20:swift,29:light-screen,41:discharge	double-team,facade,flash,frustration,hyper-beam,light-screen,protect,rain-dance,rest,return,secret-power,shock-wave,taunt,thunder,thunderbolt,torment,toxic
exeggcute	9	1:absorb,1:hypnosis,5:reflect,15:mega-drain,20:confusion,30:bullet-seed,35:giga-drain,40:extrasensory,55:solar-beam	attract,bullet-seed,double-team,facade,flash,frustration,giga-drain,light-screen,protect,psychic,reflect,rest,return,secret-power,sludge-bomb,solar-beam,strength,sunny-day,toxic
exeggutor	9	1:absorb,1:bullet-seed,1:confusion,1:extrasensory,1:giga-drain,1:hypnosis,1:leaf-storm,1:mega-drain,1:psyshock,1:reflect,1:seed-bomb,1:solar-beam,1:stomp,1:wood-hammer	attract,bullet-seed,double-team,facade,flash,frustration,giga-drain,hyper-beam,light-screen,protect,psychic,reflect,rest,return,secret-power,sludge-bomb,solar-beam,strength,sunny-day,toxic
cubone	8	1:growl,1:mud-slap,4:tail-whip,8:false-swipe,12:headbutt,16:retaliate,24:stomping-tantrum,29:bone-rush,40:bonemerang,48:double-edge	aerial-ace,attract,blizzard,brick-break,dig,double-team,earthquake,facade,fire-blast,flamethrower,frustration,ice-beam,iron-tail,protect,rest,return,rock-smash,rock-tomb,sandstorm,secret-power,strength,sunny-day,toxic
marowak	8	1:false-swipe,1:growl,1:mud-slap,1:tail-whip,12:headbutt,16:retaliate,24:stomping-tantrum,31:bone-rush,48:bonemerang,60:double-edge	aerial-ace,attract,blizzard,brick-break,dig,double-team,earthquake,facade,fire-blast,flamethrower,frustration,hyper-beam,ice-beam,iron-tail,protect,rest,return,rock-smash,rock-tomb,sandstorm,secret-power,strength,sunny-day,toxic
hitmonlee	9	1:brick-break,1:low-sweep,1:tackle,4:double-kick,24:blaze-kick,28:feint,32:mega-kick	attract,brick-break,double-team,earthquake,facade,frustration,protect,rain-dance,rest,return,rock-smash,rock-tomb,secret-power,strength,sunny-day,toxic
hitmonchan	9	1:drain-punch,1:feint,1:tackle,4:mach-punch,8:vacuum-wave,16:bullet-punch,24:fire-punch,24:ice-punch,24:thunder-punch,28:agility,32:mega-punch	attract,brick-break,double-team,earthquake,facade,frustration,protect,rain-dance,rest,return,rock-smash,rock-tomb,secret-power,strength,sunny-day,toxic
lickitung	8	1:lick,12:supersonic,30:stomp,36:knock-off,42:screech,48:slam,54:power-whip	attract,blizzard,brick-break,cut,dig,double-team,earthquake,facade,fire-blast,flamethrower,frustration,hyper-beam,ice-beam,iron-tail,protect,rain-dance,rest,return,rock-smash,rock-tomb,sandstorm,secret-power,shadow-ball,shock-wave,solar-beam,strength,sunny-day,surf,thunder,thunderbolt,toxic,water-pulse
koffing	9	1:poison-gas,1:tackle,4:smog,8:smokescreen,12:clear-smog,16:assurance,20:sludge,32:sludge-bomb,36:toxic	attract,double-team,facade,fire-blast,flamethrower,flash,frustration,protect,rain-dance,rest,return,secret-power,shadow-ball,shock-wave,sludge-bomb,sunny-day,taunt,thunder,thunderbolt,torment,toxic
weezing	9	1:double-hit,1:heat-wave,1:poison-gas,1:smog,1:smokescreen,1:tackle,12:clear-smog,16:assurance,20:sludge,32:sludge-bomb,38:toxic	attract,double-team,facade,fire-blast,flamethrower,flash,frustration,hyper-beam,protect,rain-dance,rest,return,secret-power,shadow-ball,shock-wave,sludge-bomb,sunny-day,taunt,thunder,thunderbolt,torment,toxic
rhyhorn	9	1:tackle,1:tail-whip,10:bulldoze,15:horn-attack,20:scary-face,25:stomp,30:rock-blast,35:drill-run,40:take-down,45:earthquake,50:stone-edge,55:megahorn	attract,blizzard,dig,double-team,earthquake,facade,fire-blast,flamethrower,frustration,ice-beam,iron-tail,protect,rain-dance,rest,return,rock-smash,rock-tomb,sandstorm,secret-power,shock-wave,strength,sunny-day,thunder,thunderbolt,toxic
rhydon	9	1:bulldoze,1:hammer-arm,1:tackle,1:tail-whip,15:horn-attack,20:scary-face,25:stomp,30:rock-blast,35:drill-run,40:take-down,47:earthquake,54:stone-edge,61:megahorn	attract,blizzard,brick-break,cut,dig,double-team,earthquake,facade,fire-blast,flamethrower,frustration,hyper-beam,ice-beam,iron-tail,protect,rain-dance,rest,return,rock-smash,rock-tomb,sandstorm,secret-power,shock-wave,strength,sunny-day,surf,thunder,thunderbolt,toxic
chansey	9	1:charm,1:covet,1:disarming-voice,1:pound,1:sweet-kiss,4:tail-whip,12:life-dew,16:sing,24:take-down,36:light-screen,40:double-edge,44:soft-boiled	attract,blizzard,brick-break,calm-mind,double-team,earthquake,facade,fire-blast,flamethrower,flash,frustration,hail,hyper-beam,ice-beam,iron-tail,light-screen,protect,psychic,rain-dance,rest,return,rock-smash,rock-tomb,safeguard,sandstorm,secret-power,shadow-ball,shock-wave,solar-beam,strength,sunny-day,thunder,thunderbolt,toxic,water-pulse
tangela	8	1:absorb,4:stun-spore,12:mega-drain,16:vine-whip,20:poison-powder,28:knock-off,32:giga-drain,36:sleep-powder,40:slam,48:power-whip	attract,bullet-seed,cut,double-team,facade,flash,frustration,giga-drain,hyper-beam,protect,rest,return,rock-smash,secret-power,sludge-bomb,solar-beam,sunny-day,toxic
kangaskhan	8	1:pound,1:tail-whip,4:growl,12:bite,16:stomp,24:headbutt,32:double-hit,36:crunch	aerial-ace,attract,blizzard,brick-break,cut,dig,double-team,earthquake,facade,fire-blast,flamethrower,frustration,hail,hyper-beam,ice-beam,iron-tail,protect,rain-dance,rest,return,rock-smash,rock-tomb,sandstorm,secret-power,shadow-ball,shock-wave,solar-beam,strength,sunny-day,surf,thunder,thunderbolt,toxic,water-pulse
horsea	9	1:leer,1:water-gun,5:smokescreen,10:twister,20:dragon-breath,25:bubble-beam,30:agility,35:water-pulse,40:dragon-pulse,45:hydro-pump,55:rain-dance	attract,blizzard,double-team,facade,frustration,hail,ice-beam,protect,rain-dance,rest,return,secret-power,surf,toxic,water-pulse,waterfall
seadra	9	1:leer,1:smokescreen,1:twister,1:water-gun,20:dragon-breath,25:bubble-beam,30:agility,37:water-pulse,44:dragon-pulse,51:hydro-pump,65:rain-dance	attract,blizzard,double-team,facade,frustration,hail,hyper-beam,ice-beam,protect,rain-dance,rest,return,secret-power,surf,toxic,water-pulse,waterfall
goldeen	8	1:peck,1:tail-whip,5:supersonic,10:water-pulse,15:horn-attack,20:agility,35:waterfall,45:megahorn	attract,blizzard,double-team,facade,frustration,hail,ice-beam,protect,rain-dance,rest,return,secret-power,surf,toxic,water-pulse,waterfall
seaking	8	1:peck,1:supersonic,1:tail-whip,1:water-pulse,15:horn-attack,20:agility,37:waterfall,51:megahorn	attract,blizzard,double-team,facade,frustration,hail,hyper-beam,ice-beam,protect,rain-dance,rest,return,secret-power,surf,toxic,water-pulse,waterfall
staryu	8	1:harden,1:tackle,4:water-gun,8:confuse-ray,12:rapid-spin,20:swift,24:psybeam,28:brine,32:light-screen,36:power-gem,40:psychic,44:surf,48:recover,56:hydro-pump	blizzard,double-team,facade,flash,frustration,hail,ice-beam,light-screen,protect,psychic,rain-dance,reflect,rest,return,secret-power,surf,thunder,thunderbolt,toxic,water-pulse,waterfall
starmie	8	1:brine,1:confuse-ray,1:harden,1:hydro-pump,1:light-screen,1:power-gem,1:psybeam,1:psychic,1:rapid-spin,1:recover,1:surf,1:swift,1:tackle,1:water-gun	blizzard,double-team,facade,flash,frustration,hail,hyper-beam,ice-beam,light-screen,protect,psychic,rain-dance,reflect,rest,return,secret-power,surf,thunder,thunderbolt,toxic,water-pulse,waterfall
mr-mime	8	1:pound,12:confusion,20:protect,28:psybeam,36:light-screen,36:reflect,36:safeguard,44:dazzling-gleam,48:psychic,52:teeter-dance	attract,brick-break,calm-mind,double-team,facade,flash,frustration,hyper-beam,light-screen,protect,psychic,rain-dance,reflect,rest,return,safeguard,secret-power,shadow-ball,shock-wave,solar-beam,sunny-day,taunt,thunder,thunderbolt,torment,toxic
scyther	9	1:leer,1:quick-attack,8:false-swipe,12:wing-attack,16:double-team,20:double-hit,24:slash,32:agility,36:air-slash,40:x-scissor,44:swords-dance	aerial-ace,attract,cut,double-team,facade,frustration,hyper-beam,protect,rain-dance,rest,return,rock-smash,secret-power,steel-wing,sunny-day,toxic
jynx	8	1:lick,1:pound,1:powder-snow,1:sweet-kiss,12:confusion,16:covet,20:sing,24:fake-tears,28:ice-punch,34:psychic,40:lovely-kiss,58:blizzard	attract,blizzard,brick-break,calm-mind,double-team,facade,flash,frustration,hail,hyper-beam,ice-beam,light-screen,protect,psychic,rain-dance,reflect,rest,return,secret-power,shadow-ball,taunt,torment,toxic,water-pulse
electabuzz	9	1:leer,1:quick-attack,1:thunder-shock,12:swift,16:shock-wave,20:thunder-wave,24:screech,28:thunder-punch,34:discharge,46:thunderbolt,52:light-screen,58:thunder	attract,brick-break,double-team,facade,flash,frustration,hyper-beam,iron-tail,light-screen,protect,psychic,rain-dance,rest,return,rock-smash,secret-power,shock-wave,strength,thunder,thunderbolt,toxic
magmar	9	1:ember,1:leer,1:smog,1:smokescreen,12:clear-smog,16:flame-wheel,20:confuse-ray,24:scary-face,28:fire-punch,34:lava-plume,46:flamethrower,52:sunny-day,58:fire-blast,64:hyper-beam	attract,brick-break,double-team,facade,fire-blast,flamethrower,frustration,hyper-beam,iron-tail,protect,psychic,rest,return,rock-smash,secret-power,strength,sunny-day,toxic
pinsir	8	1:harden,1:vise-grip,16:bug-bite,20:storm-throw,24:double-hit,28:vital-throw,32:x-scissor,36:strength,40:swords-dance,44:submission	attract,brick-break,cut,dig,double-team,earthquake,facade,frustration,hyper-beam,protect,rain-dance,rest,return,rock-smash,rock-tomb,secret-power,strength,sunny-day,toxic
tauros	9	1:tackle,1:tail-whip,10:payback,15:assurance,20:horn-attack,25:scary-face,30:zen-headbutt,35:raging-bull,40:rest,55:double-edge	attract,blizzard,double-team,earthquake,facade,fire-blast,flamethrower,frustration,hyper-beam,ice-beam,iron-tail,protect,rain-dance,rest,return,rock-smash,rock-tomb,sandstorm,secret-power,shock-wave,solar-beam,strength,sunny-day,surf,thunder,thunderbolt,toxic,water-pulse
magikarp	9	1:splash,15:tackle	
gyarados	9	1:bite,1:leer,1:splash,1:tackle,1:twister,12:brine,16:scary-face,21:waterfall,24:crunch,28:rain-dance,32:aqua-tail,40:hydro-pump,44:hurricane,52:hyper-beam	attract,blizzard,double-team,earthquake,facade,fire-blast,flamethrower,frustration,hail,hyper-beam,ice-beam,protect,rain-dance,rest,return,rock-smash,sandstorm,secret-power,strength,surf,taunt,thunder,thunderbolt,torment,toxic,water-pulse,waterfall
lapras	9	1:growl,1:water-gun,5:sing,15:life-dew,20:ice-shard,25:confuse-ray,30:water-pulse,35:brine,40:body-slam,45:ice-beam,50:rain-dance,55:hydro-pump	attract,blizzard,double-team,facade,frustration,hail,hyper-beam,ice-beam,iron-tail,protect,psychic,rain-dance,rest,return,rock-smash,safeguard,secret-power,shock-wave,strength,surf,thunder,thunderbolt,toxic,water-pulse,waterfall
ditto	9	1:transform	
eevee	9	1:covet,1:growl,1:tackle,1:tail-whip,5:sand-attack,10:quick-attack,15:baby-doll-eyes,20:swift,25:bite,40:take-down,45:charm,50:double-edge	attract,dig,double-team,facade,frustration,iron-tail,protect,rain-dance,rest,return,secret-power,shadow-ball,sunny-day,toxic
vaporeon	9	1:bite,1:charm,1:covet,1:double-edge,1:growl,1:swift,1:tackle,1:tail-whip,1:take-down,1:water-gun,5:sand-attack,10:quick-attack,15:baby-doll-eyes,25:water-pulse,30:aurora-beam,40:muddy-water,45:acid-armor,50:hydro-pump	attract,blizzard,dig,double-team,facade,frustration,hail,hyper-beam,ice-beam,iron-tail,protect,rain-dance,rest,return,secret-power,shadow-ball,sunny-day,surf,toxic,water-pulse,waterfall
jolteon	9	1:bite,1:charm,1:covet,1:double-edge,1:growl,1:swift,1:tackle,1:tail-whip,1:take-down,1:thunder-shock,5:sand-attack,10:quick-attack,15:baby-doll-eyes,20:thunder-wave,25:double-kick,35:pin-missile,40:discharge,45:agility,50:thunder	attract,dig,double-team,facade,flash,frustration,hyper-beam,iron-tail,protect,rain-dance,rest,return,secret-power,shadow-ball,shock-wave,sunny-day,thunder,thunderbolt,toxic
flareon	9	1:charm,1:covet,1:double-edge,1:ember,1:growl,1:swift,1:tackle,1:tail-whip,1:take-down,5:sand-attack,10:quick-attack,15:baby-doll-eyes,20:smog,25:bite,40:lava-plume,45:scary-face,50:flare-blitz	attract,dig,double-team,facade,fire-blast,flamethrower,frustration,hyper-beam,iron-tail,overheat,protect,rain-dance,rest,return,secret-power,shadow-ball,sunny-day,toxic
porygon	9	1:tackle,15:thunder-shock,20:psybeam,30:agility,35:recover,40:discharge,45:tri-attack,50:double-edge,60:zap-cannon	aerial-ace,blizzard,double-team,facade,flash,frustration,hyper-beam,ice-beam,iron-tail,protect,psychic,rain-dance,rest,return,secret-power,shadow-ball,shock-wave,solar-beam,sunny-day,thunder,thunderbolt,toxic
omanyte	8	1:withdraw,10:sand-attack,15:water-gun,20:leer,25:mud-shot,35:brine,41:protect,45:rock-blast,50:surf,60:hydro-pump	attract,blizzard,double-team,facade,frustration,hail,ice-beam,protect,rain-dance,rest,return,rock-smash,rock-tomb,sandstorm,secret-power,surf,toxic,water-pulse,waterfall
omastar	8	1:crunch,1:sand-attack,1:withdraw,15:water-gun,20:leer,25:mud-shot,35:brine,43:protect,49:rock-blast,56:surf,70:hydro-pump	attract,blizzard,double-team,facade,frustration,hail,hyper-beam,ice-beam,protect,rain-dance,rest,return,rock-smash,rock-tomb,sandstorm,secret-power,surf,toxic,water-pulse,waterfall
kabuto	8	1:absorb,1:harden,5:scratch,10:sand-attack,15:aqua-jet,20:leer,25:mud-shot,35:brine,41:protect,45:leech-life,50:liquidation,55:metal-sound,60:stone-edge	aerial-ace,attract,blizzard,dig,double-team,facade,frustration,giga-drain,hail,ice-beam,protect,rain-dance,rest,return,rock-smash,rock-tomb,sandstorm,secret-power,surf,toxic,water-pulse,waterfall
kabutops	8	1:absorb,1:feint,1:harden,1:night-slash,1:sand-attack,1:scratch,1:slash,15:aqua-jet,20:leer,25:mud-shot,35:brine,43:protect,49:leech-life,56:liquidation,63:metal-sound,70:stone-edge	aerial-ace,attract,blizzard,brick-break,cut,dig,double-team,facade,frustration,giga-drain,hail,hyper-beam,ice-beam,protect,rain-dance,rest,return,rock-smash,rock-tomb,sandstorm,secret-power,surf,toxic,water-pulse,waterfall
aerodactyl	8	1:bite,5:supersonic,10:wing-attack,15:scary-face,20:rock-slide,30:crunch,35:iron-head,40:take-down,45:stone-edge,50:agility,55:hyper-beam	aerial-ace,attract,double-team,dragon-claw,earthquake,facade,fire-blast,flamethrower,fly,frustration,hyper-beam,iron-tail,protect,rain-dance,rest,return,rock-smash,rock-tomb,sandstorm,secret-power,steel-wing,strength,sunny-day,taunt,torment,toxic
snorlax	9	1:covet,1:lick,1:screech,1:tackle,16:bite,20:rest,24:crunch,28:body-slam,36:amnesia,40:high-horsepower,44:hammer-arm	attract,blizzard,brick-break,double-team,earthquake,facade,fire-blast,flamethrower,frustration,hyper-beam,ice-beam,protect,psychic,rain-dance,rest,return,rock-tomb,sandstorm,secret-power,shadow-ball,shock-wave,solar-beam,strength,sunny-day,surf,thunder,thunderbolt,toxic,water-pulse
articuno	9	1:gust,5:powder-snow,10:reflect,15:ice-shard,20:agility,35:freeze-dry,45:ice-beam,55:hurricane,65:blizzard	aerial-ace,blizzard,double-team,facade,fly,frustration,hail,hyper-beam,ice-beam,protect,rain-dance,reflect,rest,return,rock-smash,sandstorm,secret-power,steel-wing,sunny-day,toxic,water-pulse
zapdos	9	1:peck,1:thunder-wave,5:thunder-shock,10:light-screen,15:pluck,20:agility,35:drill-peck,45:discharge,50:rain-dance,55:thunder,70:zap-cannon	aerial-ace,double-team,facade,flash,fly,frustration,hyper-beam,light-screen,protect,rain-dance,rest,return,rock-smash,sandstorm,secret-power,shock-wave,steel-wing,sunny-day,thunder,thunderbolt,toxic
moltres	9	1:gust,1:leer,5:ember,10:safeguard,15:wing-attack,20:agility,30:incinerate,35:air-slash,45:heat-wave,50:sunny-day,55:hurricane,65:overheat	aerial-ace,double-team,facade,fire-blast,flamethrower,fly,frustration,hyper-beam,overheat,protect,rain-dance,rest,return,rock-smash,safeguard,sandstorm,secret-power,steel-wing,sunny-day,toxic
dratini	9	1:leer,5:twister,10:thunder-wave,20:agility,25:slam,31:aqua-tail,35:dragon-rush,40:safeguard,45:rain-dance,60:hyper-beam	attract,blizzard,double-team,facade,fire-blast,flamethrower,frustration,hail,hyper-beam,ice-beam,iron-tail,protect,rain-dance,rest,return,safeguard,secret-power,shock-wave,sunny-day,surf,thunder,thunderbolt,toxic,water-pulse,waterfall
dragonair	9	1:leer,1:thunder-wave,1:twister,20:agility,25:slam,33:aqua-tail,39:dragon-rush,46:safeguard,53:rain-dance,74:hyper-beam	attract,blizzard,double-team,facade,fire-blast,flamethrower,frustration,hail,hyper-beam,ice-beam,iron-tail,protect,rain-dance,rest,return,safeguard,secret-power,shock-wave,sunny-day,surf,thunder,thunderbolt,toxic,water-pulse,waterfall
dragonite	9	1:extreme-speed,1:fire-punch,1:hurricane,1:leer,1:thunder-punch,1:thunder-wave,1:twister,1:wing-attack,20:agility,25:slam,33:aqua-tail,39:dragon-rush,46:safeguard,53:rain-dance,80:hyper-beam	aerial-ace,attract,blizzard,brick-break,cut,double-team,dragon-claw,earthquake,facade,fire-blast,flamethrower,fly,frustration,hail,hyper-beam,ice-beam,iron-tail,protect,rain-dance,rest,return,rock-smash,rock-tomb,safeguard,sandstorm,secret-power,shock-wave,steel-wing,strength,sunny-day,surf,thunder,thunderbolt,toxic,water-pulse,waterfall
mewtwo	9	1:confusion,1:life-dew,1:swift,16:psycho-cut,24:safeguard,32:amnesia,40:aura-sphere,48:psychic,72:psystrike,80:recover	aerial-ace,blizzard,brick-break,calm-mind,double-team,earthquake,facade,fire-blast,flamethrower,flash,frustration,hail,hyper-beam,ice-beam,iron-tail,light-screen,protect,psychic,rain-dance,reflect,rest,return,rock-smash,rock-tomb,safeguard,sandstorm,secret-power,shadow-ball,shock-wave,solar-beam,strength,sunny-day,taunt,thunder,thunderbolt,torment,toxic,water-pulse
mew	9	1:pound,10:amnesia,40:life-dew,50:nasty-plot,80:transform,90:aura-sphere,100:psychic	aerial-ace,attract,blizzard,brick-break,bullet-seed,calm-mind,cut,dig,double-team,dragon-claw,earthquake,facade,fire-blast,flamethrower,flash,fly,frustration,giga-drain,hail,hyper-beam,ice-beam,iron-tail,light-screen,overheat,protect,psychic,rain-dance,reflect,rest,return,rock-smash,rock-tomb,safeguard,sandstorm,secret-power,shadow-ball,shock-wave,sludge-bomb,solar-beam,steel-wing,strength,sunny-day,surf,taunt,thunder,thunderbolt,torment,toxic,water-pulse,waterfall
steelix	8	1:crunch,1:harden,1:rock-polish,1:rock-throw,1:tackle,12:dragon-breath,20:rock-slide,24:screech,36:slam,40:sandstorm,44:dig,48:iron-tail,52:stone-edge,56:double-edge	attract,cut,dig,double-team,earthquake,facade,frustration,hyper-beam,iron-tail,protect,rest,return,rock-smash,rock-tomb,sandstorm,secret-power,strength,sunny-day,taunt,torment,toxic
tyranitar	9	1:dark-pulse,1:iron-defense,1:leer,1:payback,1:rock-throw,1:tackle,9:bite,12:scary-face,15:rock-slide,18:stomping-tantrum,21:screech,27:crunch,33:earthquake,37:stone-edge,47:sandstorm,52:hyper-beam	aerial-ace,attract,blizzard,brick-break,cut,dig,double-team,dragon-claw,earthquake,facade,fire-blast,flamethrower,frustration,hyper-beam,ice-beam,iron-tail,protect,rain-dance,rest,return,rock-smash,rock-tomb,sandstorm,secret-power,shock-wave,strength,sunny-day,surf,taunt,thunder,thunderbolt,torment,toxic,water-pulse
kingdra	9	1:leer,1:smokescreen,1:twister,1:water-gun,20:dragon-breath,25:bubble-beam,30:agility,37:water-pulse,44:dragon-pulse,51:hydro-pump,65:rain-dance,72:wave-crash	attract,blizzard,double-team,facade,frustration,hail,hyper-beam,ice-beam,protect,rain-dance,rest,return,secret-power,surf,toxic,water-pulse,waterfall
bellossom	9	1:absorb,1:acid,1:giga-drain,1:mega-drain,1:moonblast,1:petal-blizzard,1:poison-powder,1:sleep-powder,1:stun-spore,1:sweet-scent,1:toxic	attract,bullet-seed,cut,double-team,facade,flash,frustration,giga-drain,hyper-beam,protect,rest,return,safeguard,secret-power,sludge-bomb,solar-beam,sunny-day,toxic
espeon	9	1:bite,1:charm,1:confusion,1:covet,1:double-edge,1:growl,1:tackle,1:tail-whip,1:take-down,5:sand-attack,10:quick-attack,15:baby-doll-eyes,20:swift,25:psybeam,40:psychic	attract,calm-mind,cut,dig,double-team,facade,flash,frustration,hyper-beam,iron-tail,light-screen,protect,psychic,rain-dance,reflect,rest,return,secret-power,shadow-ball,sunny-day,toxic
umbreon	9	1:bite,1:charm,1:covet,1:double-edge,1:growl,1:swift,1:tackle,1:tail-whip,1:take-down,5:sand-attack,10:quick-attack,15:baby-doll-eyes,20:confuse-ray,25:assurance,40:dark-pulse,45:screech	attract,cut,dig,double-team,facade,flash,frustration,hyper-beam,iron-tail,protect,psychic,rain-dance,rest,return,secret-power,shadow-ball,sunny-day,taunt,torment,toxic
slowking	9	1:growl,1:nasty-plot,1:power-gem,1:tackle,1:water-gun,12:confusion,18:water-pulse,21:headbutt,27:amnesia,30:surf,33:slack-off,36:psychic,42:rain-dance	attract,blizzard,brick-break,calm-mind,dig,double-team,earthquake,facade,fire-blast,flamethrower,flash,frustration,hail,hyper-beam,ice-beam,iron-tail,protect,psychic,rain-dance,rest,return,rock-smash,safeguard,secret-power,shadow-ball,strength,sunny-day,surf,toxic,water-pulse
houndoom	9	1:ember,1:howl,1:leer,1:nasty-plot,1:smog,16:bite,20:incinerate,35:torment,50:flamethrower,56:crunch,62:inferno	attract,double-team,facade,fire-blast,flamethrower,frustration,hyper-beam,iron-tail,overheat,protect,rest,return,rock-smash,secret-power,shadow-ball,sludge-bomb,solar-beam,strength,sunny-day,taunt,torment,toxic
hitmontop	9	1:feint,1:tackle,4:quick-attack,16:rapid-spin,28:agility,32:dig	attract,brick-break,dig,double-team,earthquake,facade,frustration,protect,rain-dance,rest,return,rock-smash,sandstorm,secret-power,strength,sunny-day,toxic
scizor	9	1:agility,1:air-slash,1:bullet-punch,1:false-swipe,1:leer,1:quick-attack,1:wing-attack,12:metal-claw,16:double-team,20:double-hit,24:slash,32:iron-defense,36:iron-head,40:x-scissor,44:swords-dance	aerial-ace,attract,cut,double-team,facade,frustration,hyper-beam,protect,rain-dance,rest,return,rock-smash,sandstorm,secret-power,steel-wing,strength,sunny-day,toxic
blissey	9	1:charm,1:covet,1:disarming-voice,1:pound,1:sweet-kiss,4:tail-whip,12:life-dew,16:sing,24:take-down,36:light-screen,40:double-edge,44:soft-boiled	attract,blizzard,brick-break,calm-mind,double-team,earthquake,facade,fire-blast,flamethrower,flash,frustration,hail,hyper-beam,ice-beam,iron-tail,light-screen,protect,psychic,rain-dance,rest,return,rock-smash,rock-tomb,safeguard,sandstorm,secret-power,shadow-ball,shock-wave,solar-beam,strength,sunny-day,thunder,thunderbolt,toxic,water-pulse
crobat	8	1:absorb,1:astonish,1:cross-poison,1:screech,1:supersonic,1:toxic,15:poison-fang,27:air-cutter,34:bite,48:venoshock,55:confuse-ray,62:air-slash,69:leech-life	aerial-ace,attract,double-team,facade,fly,frustration,giga-drain,hyper-beam,protect,rain-dance,rest,return,secret-power,shadow-ball,sludge-bomb,steel-wing,sunny-day,taunt,torment,toxic
milotic	9	1:splash,1:tackle,1:water-gun,1:water-pulse,4:disarming-voice,8:twister,16:attract,20:life-dew,28:recover,32:aqua-tail,36:safeguard,40:surf,44:rain-dance,52:hydro-pump	attract,blizzard,double-team,facade,frustration,hail,hyper-beam,ice-beam,iron-tail,protect,rain-dance,rest,return,safeguard,secret-power,surf,toxic,water-pulse,waterfall
manectric	8	1:howl,1:leer,1:tackle,1:thunder-wave,12:quick-attack,16:shock-wave,20:bite,36:discharge,54:thunder	attract,double-team,facade,flash,frustration,hyper-beam,iron-tail,protect,rain-dance,rest,return,secret-power,shock-wave,strength,thunder,thunderbolt,toxic
gardevoir	9	1:charm,1:confusion,1:dazzling-gleam,1:disarming-voice,1:double-team,1:growl,9:hypnosis,12:draining-kiss,15:teleport,18:psybeam,23:life-dew,35:calm-mind,42:psychic,49:moonblast	attract,calm-mind,double-team,facade,flash,frustration,hyper-beam,light-screen,protect,psychic,rain-dance,reflect,rest,return,safeguard,secret-power,shadow-ball,shock-wave,sunny-day,taunt,thunderbolt,torment,toxic
hariyama	9	1:brine,1:sand-attack,1:tackle,19:knock-off	attract,brick-break,dig,double-team,earthquake,facade,frustration,hyper-beam,protect,rain-dance,rest,return,rock-smash,rock-tomb,secret-power,strength,sunny-day,surf,toxic
banette	9	1:knock-off,1:screech,16:will-o-wisp,22:hex,30:shadow-ball	attract,calm-mind,double-team,facade,flash,frustration,hyper-beam,protect,psychic,rain-dance,rest,return,secret-power,shadow-ball,shock-wave,sunny-day,taunt,thunder,thunderbolt,torment,toxic
salamence	9	1:bite,1:dragon-breath,1:ember,1:fly,1:leer,1:protect,15:headbutt,20:scary-face,25:crunch,33:dragon-claw,39:zen-headbutt,55:flamethrower,73:double-edge	aerial-ace,attract,brick-break,cut,double-team,dragon-claw,earthquake,facade,fire-blast,flamethrower,fly,frustration,hyper-beam,iron-tail,protect,rain-dance,rest,return,rock-smash,rock-tomb,secret-power,steel-wing,strength,sunny-day,toxic
metagross	9	1:bullet-punch,1:confusion,1:hammer-arm,1:metal-claw,1:tackle,6:zen-headbutt,16:flash-cannon,26:take-down,34:psychic,42:scary-face,52:meteor-mash,62:iron-defense,72:agility,82:hyper-beam	aerial-ace,brick-break,cut,double-team,earthquake,facade,flash,frustration,hyper-beam,light-screen,protect,psychic,rain-dance,reflect,rest,return,rock-smash,rock-tomb,sandstorm,secret-power,shadow-ball,sludge-bomb,strength,sunny-day,toxic
rhyperior	9	1:bulldoze,1:hammer-arm,1:tackle,1:tail-whip,15:horn-attack,20:scary-face,25:stomp,30:rock-blast,35:drill-run,40:take-down,47:earthquake,54:stone-edge,61:megahorn	blizzard,body-slam,brick-break,bulldoze,crunch,dig,double-edge,dragon-pulse,drill-run,earth-power,earthquake,facade,fire-blast,fire-punch,flamethrower,flash-cannon,high-horsepower,hydro-pump,hyper-beam,ice-beam,ice-punch,icy-wind,iron-defense,iron-head,metal-claw,mud-shot,mud-slap,poison-jab,protect,rain-dance,rest,rock-blast,rock-slide,rock-tomb,sandstorm,scary-face,smart-strike,stomping-tantrum,stone-edge,sunny-day,surf,swords-dance,take-down,thunder,thunder-punch,thunderbolt
roserade	8	1:absorb,1:giga-drain,1:mega-drain,1:petal-blizzard,1:poison-sting,1:stun-spore,1:sweet-scent,1:toxic	attract,body-slam,bullet-seed,dazzling-gleam,facade,giga-drain,hyper-beam,leaf-storm,pin-missile,poison-jab,power-whip,protect,rain-dance,rest,round,seed-bomb,shadow-ball,sludge-bomb,solar-beam,sunny-day,swift,swords-dance,venoshock
tangrowth	8	1:absorb,1:stun-spore,12:mega-drain,16:vine-whip,20:poison-powder,28:knock-off,32:giga-drain,36:sleep-powder,40:slam,48:power-whip	amnesia,attract,body-slam,brick-break,bulldoze,bullet-seed,earthquake,facade,giga-drain,hyper-beam,leaf-storm,payback,poison-jab,power-whip,protect,reflect,rest,rock-slide,rock-tomb,round,seed-bomb,sludge-bomb,solar-beam,stomping-tantrum,sunny-day,swords-dance
toxicroak	9	1:astonish,1:mud-slap,1:poison-sting,1:taunt,20:venoshock,32:poison-jab,36:toxic,42:nasty-plot,48:sludge-bomb	acid-spray,aerial-ace,brick-break,bulldoze,dark-pulse,dig,drain-punch,earthquake,facade,gunk-shot,hyper-beam,ice-punch,icy-wind,knock-off,low-sweep,mud-shot,mud-slap,nasty-plot,poison-jab,protect,rain-dance,rest,rock-slide,rock-tomb,scary-face,shadow-ball,sludge-bomb,sludge-wave,stone-edge,sunny-day,swords-dance,take-down,taunt,thunder-punch,toxic,vacuum-wave,venoshock,x-scissor
magmortar	9	1:ember,1:leer,1:smog,1:smokescreen,12:clear-smog,16:flame-wheel,20:confuse-ray,24:scary-face,28:fire-punch,34:lava-plume,46:flamethrower,52:sunny-day,58:fire-blast,64:hyper-beam	acid-spray,body-slam,brick-break,bulldoze,confuse-ray,double-edge,earthquake,facade,fire-blast,fire-punch,flame-charge,flamethrower,flare-blitz,heat-wave,hyper-beam,hyper-voice,knock-off,low-sweep,overheat,poison-jab,protect,psychic,rest,rock-slide,rock-tomb,scary-face,solar-beam,stomping-tantrum,sunny-day,take-down,taunt,thunder-punch,thunderbolt,will-o-wisp
electivire	9	1:leer,1:quick-attack,1:thunder-shock,12:swift,16:shock-wave,20:thunder-wave,24:screech,28:thunder-punch,34:discharge,46:thunderbolt,52:light-screen,58:thunder	body-slam,brick-break,bulldoze,charge-beam,dig,double-edge,earthquake,eerie-impulse,facade,fire-punch,flamethrower,hyper-beam,ice-punch,knock-off,light-screen,low-sweep,metal-sound,protect,psychic,rain-dance,reflect,rest,rock-slide,rock-tomb,stomping-tantrum,swift,take-down,taunt,thunder,thunder-punch,thunder-wave,thunderbolt
garchomp	9	1:crunch,1:dragon-breath,1:sand-attack,1:tackle,18:bulldoze,27:bite,34:slash,42:dragon-claw,52:dig,62:sandstorm,72:take-down,82:dragon-rush	aerial-ace,body-slam,brick-break,bulldoze,crunch,dig,double-edge,dragon-claw,dragon-pulse,earth-power,earthquake,facade,false-swipe,fire-blast,flamethrower,hyper-beam,iron-head,liquidation,metal-claw,mud-shot,poison-jab,power-gem,protect,rain-dance,rest,rock-slide,rock-tomb,sandstorm,scary-face,stomping-tantrum,stone-edge,sunny-day,surf,swift,swords-dance,take-down
abomasnow	9	1:ice-punch,1:leer,1:powder-snow,15:ice-shard,20:razor-leaf,25:icy-wind,43:wood-hammer,49:blizzard	blizzard,body-slam,brick-break,bulldoze,bullet-seed,double-edge,earth-power,earthquake,facade,giga-drain,hyper-beam,ice-beam,ice-punch,icicle-spear,icy-wind,leaf-storm,mud-slap,protect,rain-dance,rest,rock-slide,rock-tomb,scary-face,seed-bomb,solar-beam,stomping-tantrum,swords-dance,take-down,water-pulse
mamoswine	9	1:double-hit,1:mud-slap,1:powder-snow,1:tackle,15:ice-shard,30:icy-wind,37:amnesia,44:take-down,51:earthquake,58:blizzard	amnesia,blizzard,body-slam,bulldoze,charm,dig,double-edge,earth-power,earthquake,facade,high-horsepower,hyper-beam,ice-beam,icicle-spear,icy-wind,iron-head,knock-off,mud-shot,mud-slap,protect,rain-dance,reflect,rest,rock-blast,rock-slide,rock-tomb,sandstorm,scary-face,stomping-tantrum,stone-edge,take-down
glaceon	9	1:charm,1:covet,1:double-edge,1:growl,1:icy-wind,1:swift,1:tackle,1:tail-whip,1:take-down,5:sand-attack,10:quick-attack,15:baby-doll-eyes,20:ice-shard,25:bite,40:freeze-dry,50:blizzard	blizzard,body-slam,calm-mind,charm,dig,double-edge,facade,fake-tears,hyper-beam,hyper-voice,ice-beam,icicle-spear,icy-wind,mud-shot,mud-slap,protect,rain-dance,rest,shadow-ball,stored-power,sunny-day,swift,take-down,water-pulse
leafeon	9	1:bite,1:charm,1:covet,1:double-edge,1:growl,1:razor-leaf,1:swift,1:tackle,1:tail-whip,1:take-down,5:sand-attack,10:quick-attack,15:baby-doll-eyes,35:sunny-day,40:giga-drain,45:swords-dance,50:leaf-blade	aerial-ace,body-slam,bullet-seed,calm-mind,charm,dig,double-edge,facade,fake-tears,giga-drain,hyper-beam,hyper-voice,knock-off,leaf-storm,mud-shot,mud-slap,protect,rain-dance,rest,seed-bomb,shadow-ball,solar-beam,stored-power,sunny-day,swift,swords-dance,take-down,x-scissor
mismagius	9	1:astonish,1:growl,1:power-gem	calm-mind,charge-beam,charm,confuse-ray,dark-pulse,dazzling-gleam,draining-kiss,facade,fake-tears,hex,hyper-beam,hyper-voice,icy-wind,nasty-plot,power-gem,protect,psybeam,psychic,psyshock,rain-dance,rest,scary-face,shadow-ball,stored-power,sunny-day,swift,taunt,thunder,thunder-wave,thunderbolt,will-o-wisp
dusknoir	9	1:astonish,1:fire-punch,1:ice-punch,1:leer,1:shadow-punch,1:thunder-punch,12:confuse-ray,20:payback,24:will-o-wisp,32:hex,42:shadow-ball	blizzard,body-slam,brick-break,calm-mind,charge-beam,confuse-ray,dark-pulse,earthquake,facade,fire-punch,hex,hyper-beam,ice-beam,ice-punch,icy-wind,leech-life,protect,psychic,rain-dance,rest,rock-slide,rock-tomb,shadow-ball,sunny-day,swift,taunt,thunder-punch,will-o-wisp
drapion	8	1:fell-stinger,1:leer,1:poison-sting,9:poison-fang,12:bite,18:bug-bite,21:venoshock,24:knock-off,27:scary-face,30:pin-missile,33:toxic,36:night-slash,39:cross-poison,44:x-scissor,54:crunch	agility,assurance,attract,brick-break,bug-buzz,bulldoze,cross-poison,crunch,dark-pulse,dig,earthquake,facade,false-swipe,hyper-beam,iron-defense,iron-tail,leech-life,payback,pin-missile,poison-jab,protect,rain-dance,rest,retaliate,rock-slide,rock-tomb,round,scary-face,screech,shadow-ball,sludge-bomb,stomping-tantrum,sunny-day,swords-dance,taunt,venoshock,x-scissor
togekiss	8	1:air-slash,1:aura-sphere,1:charm,1:double-edge,1:extreme-speed,1:fairy-wind,1:growl,1:life-dew,1:pound,1:safeguard,1:sweet-kiss,1:tri-attack	air-slash,amnesia,attract,aura-sphere,body-slam,brick-break,charm,dazzling-gleam,drain-punch,draining-kiss,facade,fire-blast,flamethrower,fly,heat-wave,hyper-beam,hyper-voice,light-screen,mega-kick,mega-punch,nasty-plot,play-rough,protect,psychic,psyshock,rain-dance,reflect,rest,retaliate,round,safeguard,shadow-ball,smart-strike,solar-beam,steel-wing,stored-power,sunny-day,swift,thunder-wave,tri-attack,zen-headbutt
scolipede	8	1:iron-defense,1:poison-sting,1:protect,16:screech,20:bug-bite,26:venoshock,34:take-down,42:agility,50:toxic,66:double-edge,74:megahorn	agility,assurance,attract,bulldoze,cross-poison,dig,earthquake,facade,hex,hyper-beam,iron-defense,iron-tail,megahorn,payback,pin-missile,poison-jab,protect,rest,rock-slide,rock-tomb,round,screech,sludge-bomb,smart-strike,solar-beam,stomping-tantrum,sunny-day,swords-dance,venoshock,x-scissor
chandelure	9	1:astonish,1:confuse-ray,1:ember,1:hex,1:inferno,1:overheat,1:shadow-ball,1:smog,1:will-o-wisp	calm-mind,confuse-ray,dark-pulse,facade,fire-blast,flame-charge,flamethrower,flare-blitz,heat-wave,hex,hyper-beam,overheat,protect,psychic,rest,shadow-ball,solar-beam,sunny-day,taunt,will-o-wisp
excadrill	9	1:mud-slap,1:rapid-spin,1:scratch,12:fury-swipes,16:metal-claw,20:sandstorm,28:rock-slide,34:dig,40:swords-dance,46:drill-run,52:earthquake	aerial-ace,body-slam,brick-break,bulldoze,dig,double-edge,drill-run,earth-power,earthquake,facade,high-horsepower,hyper-beam,iron-defense,iron-head,metal-claw,metal-sound,mud-shot,mud-slap,poison-jab,protect,rest,rock-blast,rock-slide,rock-tomb,sandstorm,scary-face,smart-strike,stomping-tantrum,sunny-day,swords-dance,take-down,x-scissor
conkeldurr	9	1:leer,1:pound,1:rock-throw,20:rock-slide,24:slam,30:scary-face,36:dynamic-punch,42:hammer-arm,48:stone-edge	body-slam,brick-break,bulldoze,dig,double-edge,drain-punch,earthquake,facade,fire-punch,high-horsepower,hyper-beam,ice-punch,knock-off,low-sweep,poison-jab,protect,rain-dance,rest,rock-blast,rock-slide,rock-tomb,scary-face,stomping-tantrum,stone-edge,sunny-day,take-down,taunt,thunder-punch
sylveon	9	1:bite,1:charm,1:covet,1:disarming-voice,1:double-edge,1:growl,1:tackle,1:tail-whip,1:take-down,5:sand-attack,10:quick-attack,15:baby-doll-eyes,20:swift,25:light-screen,30:draining-kiss,50:moonblast	body-slam,calm-mind,charm,dazzling-gleam,dig,disarming-voice,double-edge,draining-kiss,facade,fake-tears,hyper-beam,hyper-voice,light-screen,mud-slap,play-rough,protect,psychic,psyshock,rain-dance,reflect,rest,shadow-ball,stored-power,sunny-day,swift,take-down
slugma	9	1:smog,6:ember,8:rock-throw,13:harden,20:clear-smog,27:incinerate,29:rock-slide,34:lava-plume,36:amnesia,41:body-slam,43:recover,48:flamethrower,50:earth-power	attract,double-team,facade,fire-blast,flamethrower,frustration,light-screen,overheat,protect,reflect,rest,return,rock-smash,secret-power,sunny-day,toxic
magcargo	9	1:earth-power,1:ember,1:rock-throw,1:smog,13:harden,20:clear-smog,27:incinerate,29:rock-slide,34:lava-plume,36:amnesia,43:body-slam,47:recover,54:flamethrower	attract,double-team,earthquake,facade,fire-blast,flamethrower,frustration,hyper-beam,light-screen,overheat,protect,reflect,rest,return,rock-smash,rock-tomb,sandstorm,secret-power,strength,sunny-day,toxic
dunsparce	9	4:mud-slap,12:glare,16:screech,24:drill-run,40:dragon-rush,48:double-edge	attract,blizzard,calm-mind,dig,double-team,earthquake,facade,fire-blast,flamethrower,frustration,ice-beam,iron-tail,protect,rain-dance,rest,return,rock-smash,rock-tomb,secret-power,shadow-ball,shock-wave,solar-beam,strength,sunny-day,thunder,thunderbolt,toxic,water-pulse
sneasel	9	1:leer,1:scratch,6:taunt,12:quick-attack,18:metal-claw,24:icy-wind,30:fury-swipes,48:agility,54:screech,60:slash	aerial-ace,attract,blizzard,brick-break,calm-mind,cut,dig,double-team,facade,frustration,hail,ice-beam,iron-tail,protect,rain-dance,rest,return,rock-smash,secret-power,shadow-ball,strength,sunny-day,surf,taunt,torment,toxic
swinub	9	1:mud-slap,1:tackle,5:powder-snow,15:ice-shard,30:icy-wind,35:amnesia,40:take-down,45:earthquake,50:blizzard	attract,blizzard,dig,double-team,earthquake,facade,frustration,hail,ice-beam,light-screen,protect,rain-dance,reflect,rest,return,rock-smash,rock-tomb,sandstorm,secret-power,strength,toxic
delibird	9	1:present,25:drill-peck	aerial-ace,attract,blizzard,double-team,facade,fly,frustration,hail,ice-beam,protect,rain-dance,rest,return,secret-power,toxic,water-pulse
marill	9	1:tackle,1:tail-whip,1:water-gun,6:bubble-beam,9:charm,12:slam,19:aqua-tail,21:play-rough,27:rain-dance,30:hydro-pump,33:double-edge	attract,blizzard,brick-break,dig,double-team,facade,frustration,hail,ice-beam,iron-tail,protect,rain-dance,rest,return,rock-smash,secret-power,strength,surf,toxic,water-pulse,waterfall
wooper	9	1:tail-whip,1:water-gun,4:rain-dance,8:mud-shot,16:slam,24:aqua-tail,28:muddy-water,32:amnesia,36:toxic,40:earthquake	attract,blizzard,dig,double-team,earthquake,facade,flash,frustration,hail,ice-beam,iron-tail,protect,rain-dance,rest,return,rock-smash,sandstorm,secret-power,sludge-bomb,surf,toxic,water-pulse,waterfall
hoppip	9	1:splash,1:tackle,4:tail-whip,6:absorb,8:fairy-wind,10:poison-powder,10:sleep-powder,10:stun-spore,12:bullet-seed,22:mega-drain,32:giga-drain	aerial-ace,attract,bullet-seed,double-team,facade,flash,frustration,giga-drain,protect,rest,return,secret-power,solar-beam,sunny-day,toxic
qwilfish	9	1:poison-sting,1:tackle,4:harden,8:water-gun,12:fell-stinger,24:brine,28:poison-jab,32:pin-missile,44:toxic,48:aqua-tail	attract,blizzard,double-team,facade,frustration,hail,ice-beam,protect,rain-dance,rest,return,secret-power,shadow-ball,shock-wave,sludge-bomb,surf,toxic,water-pulse,waterfall
remoraid	8	1:water-gun,4:water-pulse,12:psybeam,16:aurora-beam,20:bubble-beam,28:bullet-seed,32:ice-beam,36:hydro-pump,44:hyper-beam	attract,blizzard,double-team,facade,fire-blast,flamethrower,frustration,hyper-beam,ice-beam,protect,psychic,rain-dance,rest,return,secret-power,sunny-day,surf,toxic,water-pulse,waterfall
togepi	8	1:growl,1:pound,4:sweet-kiss,8:life-dew,12:charm,32:double-edge,36:safeguard	attract,double-team,facade,fire-blast,flamethrower,flash,frustration,light-screen,protect,psychic,rain-dance,reflect,rest,return,rock-smash,safeguard,secret-power,shadow-ball,shock-wave,solar-beam,sunny-day,toxic,water-pulse
piloswine	9	1:mud-slap,1:powder-snow,1:tackle,15:ice-shard,30:icy-wind,37:amnesia,44:take-down,51:earthquake,58:blizzard	attract,blizzard,dig,double-team,earthquake,facade,frustration,hail,hyper-beam,ice-beam,light-screen,protect,rain-dance,reflect,rest,return,rock-smash,rock-tomb,sandstorm,secret-power,strength,toxic
azumarill	9	1:tackle,1:tail-whip,1:water-gun,6:bubble-beam,9:charm,12:slam,21:aqua-tail,25:play-rough,35:rain-dance,40:hydro-pump,45:double-edge	attract,blizzard,brick-break,dig,double-team,facade,frustration,hail,hyper-beam,ice-beam,iron-tail,protect,rain-dance,rest,return,rock-smash,secret-power,strength,surf,toxic,water-pulse,waterfall
quagsire	9	1:mud-shot,1:rain-dance,1:tail-whip,1:water-gun,16:slam,28:aqua-tail,34:muddy-water,40:amnesia,46:toxic,52:earthquake	attract,blizzard,brick-break,dig,double-team,earthquake,facade,flash,frustration,hail,hyper-beam,ice-beam,iron-tail,protect,rain-dance,rest,return,rock-smash,rock-tomb,sandstorm,secret-power,sludge-bomb,strength,surf,toxic,water-pulse,waterfall
skiploom	9	1:absorb,1:splash,1:tail-whip,8:tackle,10:fairy-wind,12:poison-powder,12:sleep-powder,12:stun-spore,15:bullet-seed,24:mega-drain,37:giga-drain	aerial-ace,attract,bullet-seed,double-team,facade,flash,frustration,giga-drain,protect,rest,return,secret-power,solar-beam,sunny-day,toxic
jumpluff	9	1:absorb,1:splash,1:tail-whip,8:tackle,10:fairy-wind,12:poison-powder,12:sleep-powder,12:stun-spore,15:bullet-seed,24:mega-drain,43:giga-drain	aerial-ace,attract,bullet-seed,double-team,facade,flash,frustration,giga-drain,hyper-beam,protect,rest,return,secret-power,solar-beam,sunny-day,toxic
octillery	8	1:gunk-shot,1:rock-blast,1:water-gun,1:water-pulse,12:psybeam,16:aurora-beam,20:bubble-beam,30:bullet-seed,36:ice-beam,42:hydro-pump,54:hyper-beam	attract,blizzard,bullet-seed,double-team,facade,fire-blast,flamethrower,frustration,hyper-beam,ice-beam,protect,psychic,rain-dance,rest,return,secret-power,sludge-bomb,sunny-day,surf,toxic,water-pulse,waterfall
togetic	8	1:fairy-wind,1:growl,1:life-dew,1:pound,1:sweet-kiss,12:charm,32:double-edge,36:safeguard	aerial-ace,attract,brick-break,double-team,facade,fire-blast,flamethrower,flash,fly,frustration,hyper-beam,light-screen,protect,psychic,rain-dance,reflect,rest,return,rock-smash,safeguard,secret-power,shadow-ball,shock-wave,solar-beam,steel-wing,sunny-day,toxic,water-pulse
sentret	9	1:scratch,7:quick-attack,13:fury-swipes,25:slam,28:rest,36:amnesia,42:double-edge,47:hyper-voice	attract,brick-break,cut,dig,double-team,facade,flamethrower,frustration,ice-beam,iron-tail,protect,rain-dance,rest,return,secret-power,shadow-ball,shock-wave,solar-beam,sunny-day,surf,thunderbolt,toxic,water-pulse
furret	9	1:agility,1:quick-attack,1:scratch,13:fury-swipes,28:slam,32:rest,42:amnesia,50:double-edge,56:hyper-voice	attract,blizzard,brick-break,cut,dig,double-team,facade,flamethrower,frustration,hyper-beam,ice-beam,iron-tail,protect,rain-dance,rest,return,rock-smash,secret-power,shadow-ball,shock-wave,solar-beam,strength,sunny-day,surf,thunder,thunderbolt,toxic,water-pulse
ledyba	7	1:tackle,5:supersonic,8:swift,12:light-screen,12:reflect,12:safeguard,15:mach-punch,19:silver-wind,29:agility,33:bug-buzz,36:air-slash,40:double-edge	aerial-ace,attract,brick-break,dig,double-team,facade,flash,frustration,giga-drain,light-screen,protect,reflect,rest,return,safeguard,secret-power,solar-beam,sunny-day,toxic
ledian	7	1:supersonic,1:swift,1:tackle,12:light-screen,12:reflect,12:safeguard,15:mach-punch,20:silver-wind,33:agility,38:bug-buzz,42:air-slash,47:double-edge	aerial-ace,attract,brick-break,dig,double-team,facade,flash,frustration,giga-drain,hyper-beam,light-screen,protect,reflect,rest,return,safeguard,secret-power,solar-beam,sunny-day,toxic
spinarak	9	1:poison-sting,1:string-shot,5:absorb,12:scary-face,22:fury-swipes,29:agility,33:pin-missile,36:psychic,40:poison-jab,44:cross-poison	attract,dig,double-team,facade,flash,frustration,giga-drain,protect,psychic,rest,return,secret-power,sludge-bomb,solar-beam,sunny-day,toxic
ariados	9	1:absorb,1:bug-bite,1:fell-stinger,1:poison-sting,1:string-shot,1:swords-dance,12:scary-face,23:fury-swipes,31:agility,35:pin-missile,41:psychic,46:poison-jab,50:cross-poison	attract,dig,double-team,facade,flash,frustration,giga-drain,hyper-beam,protect,psychic,rest,return,secret-power,sludge-bomb,solar-beam,sunny-day,toxic
natu	8	1:leer,1:peck,5:stored-power,10:teleport,15:confuse-ray,35:psychic	aerial-ace,attract,calm-mind,double-team,facade,flash,frustration,giga-drain,light-screen,protect,psychic,rain-dance,reflect,rest,return,secret-power,shadow-ball,solar-beam,steel-wing,sunny-day,toxic
xatu	8	1:air-slash,1:leer,1:peck,1:stored-power,1:teleport,15:confuse-ray,41:psychic	aerial-ace,attract,calm-mind,double-team,facade,flash,fly,frustration,giga-drain,hyper-beam,light-screen,protect,psychic,rain-dance,reflect,rest,return,secret-power,shadow-ball,solar-beam,steel-wing,sunny-day,toxic
yanma	9	1:tackle,6:quick-attack,11:double-team,14:air-cutter,22:supersonic,30:bug-bite,38:hypnosis,43:wing-attack,46:screech,54:air-slash,57:bug-buzz	aerial-ace,attract,double-team,facade,flash,frustration,giga-drain,protect,psychic,rest,return,secret-power,shadow-ball,solar-beam,steel-wing,sunny-day,toxic
murkrow	9	1:astonish,1:peck,5:gust,15:wing-attack,25:assurance,31:taunt,55:torment	aerial-ace,attract,calm-mind,double-team,facade,fly,frustration,protect,rain-dance,rest,return,secret-power,shadow-ball,steel-wing,sunny-day,taunt,torment,toxic
misdreavus	9	1:confusion,1:growl,10:astonish,14:confuse-ray,23:hex,28:psybeam,37:payback,41:shadow-ball,50:power-gem	aerial-ace,attract,calm-mind,double-team,facade,flash,frustration,protect,psychic,rain-dance,rest,return,secret-power,shadow-ball,shock-wave,sunny-day,taunt,thunder,thunderbolt,torment,toxic
wobbuffet	8	1:amnesia,1:charm,1:safeguard,1:splash	
heracross	9	1:leer,1:tackle,5:fury-attack,15:aerial-ace,20:horn-attack,30:brick-break,35:pin-missile,50:swords-dance,55:megahorn	attract,brick-break,cut,dig,double-team,earthquake,facade,frustration,hyper-beam,protect,rain-dance,rest,return,rock-smash,rock-tomb,secret-power,strength,sunny-day,toxic
mantine	8	1:bullet-seed,1:psybeam,1:supersonic,1:tackle,1:water-gun,1:wing-attack,12:water-pulse,20:agility,24:bubble-beam,28:headbutt,32:air-slash,44:take-down,48:hydro-pump	aerial-ace,attract,blizzard,double-team,earthquake,facade,frustration,hail,ice-beam,protect,rain-dance,rest,return,secret-power,surf,toxic,water-pulse,waterfall
skarmory	9	1:leer,1:peck,4:sand-attack,8:fury-attack,12:metal-claw,16:agility,20:wing-attack,24:slash,28:steel-wing,32:payback,36:drill-peck,40:metal-sound,48:iron-defense,52:brave-bird	aerial-ace,attract,cut,double-team,facade,fly,frustration,protect,rest,return,rock-smash,sandstorm,secret-power,steel-wing,sunny-day,taunt,torment,toxic
phanpy	9	1:growl,1:tackle,15:bulldoze,24:slam,28:take-down,33:charm,42:double-edge	attract,double-team,earthquake,facade,frustration,iron-tail,protect,rest,return,rock-smash,rock-tomb,sandstorm,secret-power,strength,sunny-day,toxic
donphan	9	1:bulldoze,1:fury-attack,1:growl,1:horn-attack,6:rapid-spin,15:assurance,19:knock-off,24:slam,30:stomping-tantrum,37:scary-face,43:earthquake	attract,double-team,earthquake,facade,frustration,hyper-beam,iron-tail,protect,rest,return,rock-smash,rock-tomb,sandstorm,secret-power,strength,sunny-day,toxic
larvitar	9	1:leer,1:tackle,3:rock-throw,6:payback,9:bite,12:scary-face,15:rock-slide,18:stomping-tantrum,21:screech,27:crunch,31:earthquake,33:stone-edge,39:sandstorm,42:hyper-beam	attract,brick-break,dig,double-team,earthquake,facade,frustration,hyper-beam,protect,rain-dance,rest,return,rock-smash,sandstorm,secret-power,sunny-day,taunt,torment,toxic
pupitar	9	1:iron-defense,1:leer,1:payback,1:rock-throw,1:tackle,9:bite,12:scary-face,15:rock-slide,18:stomping-tantrum,21:screech,27:crunch,33:earthquake,37:stone-edge,47:sandstorm,52:hyper-beam	attract,brick-break,dig,double-team,earthquake,facade,frustration,hyper-beam,protect,rain-dance,rest,return,rock-smash,sandstorm,secret-power,sunny-day,taunt,torment,toxic
